,Frequency,MonetaryTotal,CustomerTenureDays,AvgDaysBetweenPurchases,TotalTransactions,Frequency_min,Frequency_max,MonetaryTotal_min,MonetaryTotal_max,CustomerTenureDays_min,CustomerTenureDays_max,AvgDaysBetweenPurchases_min,AvgDaysBetweenPurchases_max,TotalTransactions_min,TotalTransactions_max,Churn_Rate_%
"Cluster 0 — Clients à Risque (Dépenses faibles, Inactifs)",2.0510534846029174,626.5200093192868,34.21231766612642,1.1091188332122535,40.58265802269044,1,13,7.105427357601002e-15,21535.9,0,180,0.0,31.0,2,671,29.416531604538086
Cluster 1 — Clients Ultra VIP (Exceptions très rentables),105.46153846153847,110482.3176923077,342.0,0.2686265027009581,2840.6923076923076,26,248,11713.85,279489.02,97,373,0.0175541252194265,0.9771428571428572,351,7983,53.84615384615385
Cluster 2 — Clients Premium/Standard (Clients réguliers),8.776278808319281,2986.1071843732434,276.96121416526137,6.4381577580880265,151.30241708825181,2,89,2.8999999999941792,65892.08,71,372,0.1372950819672131,309.0,2,1677,38.33614390106801
