,Recency,Frequency,MonetaryTotal,CustomerTenureDays,AvgDaysBetweenPurchases,TotalTransactions,Recency_min,Recency_max,Frequency_min,Frequency_max,MonetaryTotal_min,MonetaryTotal_max,CustomerTenureDays_min,CustomerTenureDays_max,AvgDaysBetweenPurchases_min,AvgDaysBetweenPurchases_max,TotalTransactions_min,TotalTransactions_max
Cluster 0 — Clients peu actifs,45.6875,2.75,722.1887499999996,252.1875,126.96875,3.3125,1,174,2,4,-17.45,6748.8,194,364,68.0,284.0,2,4
Cluster 1 — Clients à risque,138.17145738779627,1.9122541603630863,572.2611654059506,30.28895612708018,1.26347636269463,35.64901664145234,1,374,1,13,-4287.63,21535.9,0,220,0.0,41.75,1,436
Cluster 2 — Clients fidèles,31.800941492938804,8.663752521856086,2997.9393483523872,269.2548755884331,4.7565362427608955,150.40147948890385,1,185,2,86,-1165.2999999999995,65892.08,35,372,0.0572450805008944,61.333333333333336,4,1640
Cluster 3 — Clients VIP,5.090909090909091,113.45454545454545,97150.5209090909,338.45454545454544,0.2736048500814597,3069.818181818182,1,24,26,248,11713.85,256438.49,97,373,0.0175541252194265,0.9771428571428572,351,7983
