Cluster,Recency,Frequency,MonetaryTotal,CustomerTenureDays,AvgDaysBetweenPurchases,TotalTransactions,Recency_min,Recency_max,Frequency_min,Frequency_max,MonetaryTotal_min,MonetaryTotal_max,CustomerTenureDays_min,CustomerTenureDays_max,AvgDaysBetweenPurchases_min,AvgDaysBetweenPurchases_max,TotalTransactions_min,TotalTransactions_max
0,38.78230227094753,6.4596711041503525,1890.8368371182457,266.27721221613155,5.507763661829862,110.59906029757244,1,191,2,24,-1165.2999999999995,12650.080000000002,89,372,0.2870201096892139,61.333333333333336,4,548
1,256.41740226986127,1.6935687263556116,446.3280832282471,23.145018915510718,1.195735535063278,25.76544766708701,154,374,1,12,-1192.2000000000005,21535.9,0,188,0.0,32.333333333333336,1,238
2,1.8571428571428572,148.42857142857142,55375.06857142857,331.85714285714283,0.0839435987556796,4398.0,1,4,34,248,11713.85,132572.62,97,373,0.0175541252194265,0.1740301724137931,1857,7983
3,54.20569105691057,2.1959349593495934,703.3006512195121,35.90162601626016,1.1392623849915504,47.384552845528454,1,159,1,13,-4287.63,12393.7,0,169,0.0,21.6,1,671
4,10.75,52.25,170257.5625,350.0,0.6055120399015748,745.5,1,24,26,66,113384.14,256438.49,313,366,0.2367864693446088,0.9771428571428572,351,1420
5,45.6875,2.75,722.1887499999996,252.1875,126.96875,3.3125,1,174,2,4,-17.45,6748.8,194,364,68.0,284.0,2,4
6,10.264705882352942,25.776470588235295,11524.312294117648,340.56470588235294,1.1168292966600413,437.58235294117645,1,87,7,86,1296.44,65892.08,137,372,0.1372950819672131,6.704545454545454,45,1640
